<?xml version="1.0" encoding="utf-8"?>
<manifest identifier="NM3jqdH5KW2s7" xmlns="http://www.imsglobal.org/xsd/imscp_v1p1" xmlns:imsss="http://www.imsglobal.org/xsd/imsss" xmlns:adlcp="http://www.adlnet.org/xsd/adlcp_v1p3" xmlns:adlseq="http://www.adlnet.org/xsd/adlseq_v1p3" xmlns:adlnav="http://www.adlnet.org/xsd/adlnav_v1p3" xmlns:lom="http://ltsc.ieee.org/xsd/LOM" xmlns:xsi="http://www.w3.org/2001/XMLSchema-instance" xsi:schemaLocation="http://www.imsglobal.org/xsd/imscp_v1p1 imscp_v1p1.xsd http://www.imsglobal.org/xsd/imsss imsss_v1p0.xsd http://www.adlnet.org/xsd/adlcp_v1p3 adlcp_v1p3.xsd http://www.adlnet.org/xsd/adlseq_v1p3 adlseq_v1p3.xsd http://www.adlnet.org/xsd/adlnav_v1p3 adlnav_v1p3.xsd http://ltsc.ieee.org/xsd/LOM lom.xsd">
<metadata>
<schema>ADL SCORM</schema>
<schemaversion>CAM 1.3</schemaversion>
<lom:lom>
<lom:general>
<lom:title>
<lom:string>pythonintroduction20042nd</lom:string>
</lom:title>
</lom:general>
<lom:educational>
<lom:typicalLearningTime>
<lom:duration>PT1H0M0S</lom:duration>
</lom:typicalLearningTime>
</lom:educational>
<lom:metaMetadata>
<lom:metadataSchema>LOMv1.0</lom:metadataSchema>
<lom:metadataSchema>SCORM_CAM_v1.3</lom:metadataSchema>
</lom:metaMetadata>
</lom:lom>
</metadata>
<organizations default="pythonintroduction20042nd_organization">
<organization identifier="pythonintroduction20042nd_organization">
<title>pythonintroduction20042nd</title>
<item identifier="E647DF61-B85D-4D6E-85AD-09EFE798943C" identifierref="resource">
<title>pythonintroductionvtcc2-100911205047-phpapp01</title>
<imsss:sequencing>
<imsss:deliveryControls completionSetByContent="true" objectiveSetByContent="true"/>
</imsss:sequencing>
</item>
<imsss:sequencing>
<imsss:controlMode flow="true"/>
</imsss:sequencing>
</organization>
</organizations>
<resources>
<resource identifier="resource" type="webcontent" adlcp:scormType="sco" href="res/index.html">
<file href="res/index.html"/>
<file href="res/lms.js"/>
<file href="res/data/thmb1.png"/>
<file href="res/data/slide1.js"/>
<file href="res/data/slide1.css"/>
<file href="res/data/thmb2.png"/>
<file href="res/data/slide2.js"/>
<file href="res/data/slide2.css"/>
<file href="res/data/thmb3.png"/>
<file href="res/data/slide3.js"/>
<file href="res/data/slide3.css"/>
<file href="res/data/thmb4.png"/>
<file href="res/data/slide4.js"/>
<file href="res/data/slide4.css"/>
<file href="res/data/thmb5.png"/>
<file href="res/data/slide5.js"/>
<file href="res/data/slide5.css"/>
<file href="res/data/thmb6.png"/>
<file href="res/data/slide6.js"/>
<file href="res/data/slide6.css"/>
<file href="res/data/thmb7.png"/>
<file href="res/data/slide7.js"/>
<file href="res/data/slide7.css"/>
<file href="res/data/thmb8.png"/>
<file href="res/data/slide8.js"/>
<file href="res/data/slide8.css"/>
<file href="res/data/thmb9.png"/>
<file href="res/data/quiz1.js"/>
<file href="res/data/quiz1/fonts/fnt0.woff"/>
<file href="res/data/quiz1/fonts/fnt1.woff"/>
<file href="res/data/quiz1/fonts/fnt2.woff"/>
<file href="res/data/quiz1/images/quiz_bg_0.jpg"/>
<file href="res/data/thmb10.png"/>
<file href="res/data/slide10.js"/>
<file href="res/data/slide10.css"/>
<file href="res/data/thmb11.png"/>
<file href="res/data/slide11.js"/>
<file href="res/data/slide11.css"/>
<file href="res/data/thmb12.png"/>
<file href="res/data/slide12.js"/>
<file href="res/data/slide12.css"/>
<file href="res/data/thmb13.png"/>
<file href="res/data/slide13.js"/>
<file href="res/data/slide13.css"/>
<file href="res/data/thmb14.png"/>
<file href="res/data/slide14.js"/>
<file href="res/data/slide14.css"/>
<file href="res/data/thmb15.png"/>
<file href="res/data/slide15.js"/>
<file href="res/data/slide15.css"/>
<file href="res/data/thmb16.png"/>
<file href="res/data/slide16.js"/>
<file href="res/data/slide16.css"/>
<file href="res/data/thmb17.png"/>
<file href="res/data/slide17.js"/>
<file href="res/data/slide17.css"/>
<file href="res/data/thmb18.png"/>
<file href="res/data/slide18.js"/>
<file href="res/data/slide18.css"/>
<file href="res/data/thmb19.png"/>
<file href="res/data/slide19.js"/>
<file href="res/data/slide19.css"/>
<file href="res/data/thmb20.png"/>
<file href="res/data/slide20.js"/>
<file href="res/data/slide20.css"/>
<file href="res/data/thmb21.png"/>
<file href="res/data/slide21.js"/>
<file href="res/data/slide21.css"/>
<file href="res/data/thmb22.png"/>
<file href="res/data/slide22.js"/>
<file href="res/data/slide22.css"/>
<file href="res/data/thmb23.png"/>
<file href="res/data/slide23.js"/>
<file href="res/data/slide23.css"/>
<file href="res/data/thmb24.png"/>
<file href="res/data/quiz2.js"/>
<file href="res/data/quiz2/fonts/fnt0.woff"/>
<file href="res/data/quiz2/fonts/fnt1.woff"/>
<file href="res/data/quiz2/fonts/fnt2.woff"/>
<file href="res/data/quiz2/images/quiz_bg_0.jpg"/>
<file href="res/data/thmb25.png"/>
<file href="res/data/slide25.js"/>
<file href="res/data/slide25.css"/>
<file href="res/data/thmb26.png"/>
<file href="res/data/slide26.js"/>
<file href="res/data/slide26.css"/>
<file href="res/data/thmb27.png"/>
<file href="res/data/slide27.js"/>
<file href="res/data/slide27.css"/>
<file href="res/data/thmb28.png"/>
<file href="res/data/slide28.js"/>
<file href="res/data/slide28.css"/>
<file href="res/data/thmb29.png"/>
<file href="res/data/slide29.js"/>
<file href="res/data/slide29.css"/>
<file href="res/data/thmb30.png"/>
<file href="res/data/slide30.js"/>
<file href="res/data/slide30.css"/>
<file href="res/data/thmb31.png"/>
<file href="res/data/slide31.js"/>
<file href="res/data/slide31.css"/>
<file href="res/data/thmb32.png"/>
<file href="res/data/quiz3.js"/>
<file href="res/data/quiz3/fonts/fnt0.woff"/>
<file href="res/data/quiz3/fonts/fnt1.woff"/>
<file href="res/data/quiz3/fonts/fnt2.woff"/>
<file href="res/data/quiz3/images/quiz_bg_0.jpg"/>
<file href="res/data/thmb33.png"/>
<file href="res/data/slide33.js"/>
<file href="res/data/slide33.css"/>
<file href="res/data/thmb34.png"/>
<file href="res/data/slide34.js"/>
<file href="res/data/slide34.css"/>
<file href="res/data/thmb35.png"/>
<file href="res/data/slide35.js"/>
<file href="res/data/slide35.css"/>
<file href="res/data/thmb36.png"/>
<file href="res/data/slide36.js"/>
<file href="res/data/slide36.css"/>
<file href="res/data/thmb37.png"/>
<file href="res/data/slide37.js"/>
<file href="res/data/slide37.css"/>
<file href="res/data/thmb38.png"/>
<file href="res/data/slide38.js"/>
<file href="res/data/slide38.css"/>
<file href="res/data/thmb39.png"/>
<file href="res/data/slide39.js"/>
<file href="res/data/slide39.css"/>
<file href="res/data/thmb40.png"/>
<file href="res/data/slide40.js"/>
<file href="res/data/slide40.css"/>
<file href="res/data/thmb41.png"/>
<file href="res/data/slide41.js"/>
<file href="res/data/slide41.css"/>
<file href="res/data/thmb42.png"/>
<file href="res/data/slide42.js"/>
<file href="res/data/slide42.css"/>
<file href="res/data/thmb43.png"/>
<file href="res/data/slide43.js"/>
<file href="res/data/slide43.css"/>
<file href="res/data/thmb44.png"/>
<file href="res/data/slide44.js"/>
<file href="res/data/slide44.css"/>
<file href="res/data/thmb45.png"/>
<file href="res/data/slide45.js"/>
<file href="res/data/slide45.css"/>
<file href="res/data/thmb46.png"/>
<file href="res/data/slide46.js"/>
<file href="res/data/slide46.css"/>
<file href="res/data/thmb47.png"/>
<file href="res/data/slide47.js"/>
<file href="res/data/slide47.css"/>
<file href="res/data/thmb48.png"/>
<file href="res/data/slide48.js"/>
<file href="res/data/slide48.css"/>
<file href="res/data/thmb49.png"/>
<file href="res/data/slide49.js"/>
<file href="res/data/slide49.css"/>
<file href="res/data/thmb50.png"/>
<file href="res/data/slide50.js"/>
<file href="res/data/slide50.css"/>
<file href="res/data/thmb51.png"/>
<file href="res/data/slide51.js"/>
<file href="res/data/slide51.css"/>
<file href="res/data/thmb52.png"/>
<file href="res/data/slide52.js"/>
<file href="res/data/slide52.css"/>
<file href="res/data/thmb53.png"/>
<file href="res/data/slide53.js"/>
<file href="res/data/slide53.css"/>
<file href="res/data/thmb54.png"/>
<file href="res/data/slide54.js"/>
<file href="res/data/slide54.css"/>
<file href="res/data/thmb55.png"/>
<file href="res/data/slide55.js"/>
<file href="res/data/slide55.css"/>
<file href="res/data/thmb56.png"/>
<file href="res/data/slide56.js"/>
<file href="res/data/slide56.css"/>
<file href="res/data/thmb57.png"/>
<file href="res/data/quiz4.js"/>
<file href="res/data/quiz4/fonts/fnt0.woff"/>
<file href="res/data/quiz4/fonts/fnt1.woff"/>
<file href="res/data/quiz4/fonts/fnt2.woff"/>
<file href="res/data/quiz4/images/quiz_bg_0.jpg"/>
<file href="res/data/thmb58.png"/>
<file href="res/data/slide58.js"/>
<file href="res/data/slide58.css"/>
<file href="res/data/thmb59.png"/>
<file href="res/data/slide59.js"/>
<file href="res/data/slide59.css"/>
<file href="res/data/thmb60.png"/>
<file href="res/data/slide60.js"/>
<file href="res/data/slide60.css"/>
<file href="res/data/thmb61.png"/>
<file href="res/data/slide61.js"/>
<file href="res/data/slide61.css"/>
<file href="res/data/thmb62.png"/>
<file href="res/data/slide62.js"/>
<file href="res/data/slide62.css"/>
<file href="res/data/thmb63.png"/>
<file href="res/data/slide63.js"/>
<file href="res/data/slide63.css"/>
<file href="res/data/thmb64.png"/>
<file href="res/data/slide64.js"/>
<file href="res/data/slide64.css"/>
<file href="res/data/thmb65.png"/>
<file href="res/data/slide65.js"/>
<file href="res/data/slide65.css"/>
<file href="res/data/thmb66.png"/>
<file href="res/data/slide66.js"/>
<file href="res/data/slide66.css"/>
<file href="res/data/thmb67.png"/>
<file href="res/data/quiz5.js"/>
<file href="res/data/quiz5/fonts/fnt0.woff"/>
<file href="res/data/quiz5/fonts/fnt1.woff"/>
<file href="res/data/quiz5/fonts/fnt2.woff"/>
<file href="res/data/quiz5/images/quiz_bg_0.jpg"/>
<file href="res/data/thmb68.png"/>
<file href="res/data/slide68.js"/>
<file href="res/data/slide68.css"/>
<file href="res/data/quizplayer.js"/>
<file href="res/index.html"/>
<file href="res/data/player.js"/>
<file href="res/data/eraser.cur"/>
<file href="res/data/highlighter.cur"/>
<file href="res/data/marker.cur"/>
<file href="res/data/lock.cur"/>
<file href="res/data/browsersupport.js"/>
<file href="res/data/apple-touch-icon.png"/>
<file href="res/data/favicon.ico"/>
<file href="res/data/fnt0.woff"/>
<file href="res/data/fnt1.woff"/>
<file href="res/data/fnt2.woff"/>
<file href="res/data/fnt3.woff"/>
<file href="res/data/fnt4.woff"/>
<file href="res/data/fnt5.woff"/>
<file href="res/data/fnt6.woff"/>
<file href="res/data/fnt7.woff"/>
<file href="res/data/fnt8.woff"/>
<file href="res/data/html5-unsupported.html"/>
<file href="res/data/html5.png"/>
<file href="res/data/img0.png"/>
<file href="res/data/img1.png"/>
<file href="res/data/img10.png"/>
<file href="res/data/img11.png"/>
<file href="res/data/img12.png"/>
<file href="res/data/img13.png"/>
<file href="res/data/img14.png"/>
<file href="res/data/img15.png"/>
<file href="res/data/img16.png"/>
<file href="res/data/img17.png"/>
<file href="res/data/img18.png"/>
<file href="res/data/img19.png"/>
<file href="res/data/img2.png"/>
<file href="res/data/img20.png"/>
<file href="res/data/img21.png"/>
<file href="res/data/img22.png"/>
<file href="res/data/img23.png"/>
<file href="res/data/img24.png"/>
<file href="res/data/img25.png"/>
<file href="res/data/img26.png"/>
<file href="res/data/img27.png"/>
<file href="res/data/img28.png"/>
<file href="res/data/img29.png"/>
<file href="res/data/img3.png"/>
<file href="res/data/img30.png"/>
<file href="res/data/img31.png"/>
<file href="res/data/img32.png"/>
<file href="res/data/img33.png"/>
<file href="res/data/img34.png"/>
<file href="res/data/img35.png"/>
<file href="res/data/img36.png"/>
<file href="res/data/img37.png"/>
<file href="res/data/img38.png"/>
<file href="res/data/img39.png"/>
<file href="res/data/img4.png"/>
<file href="res/data/img40.png"/>
<file href="res/data/img41.png"/>
<file href="res/data/img42.png"/>
<file href="res/data/img43.png"/>
<file href="res/data/img44.png"/>
<file href="res/data/img45.png"/>
<file href="res/data/img46.png"/>
<file href="res/data/img47.png"/>
<file href="res/data/img48.png"/>
<file href="res/data/img49.png"/>
<file href="res/data/img5.png"/>
<file href="res/data/img50.png"/>
<file href="res/data/img51.png"/>
<file href="res/data/img52.png"/>
<file href="res/data/img6.png"/>
<file href="res/data/img7.png"/>
<file href="res/data/img8.png"/>
<file href="res/data/img9.png"/>
</resource>
</resources>
</manifest>
