<?xml version="1.0" encoding="utf-8"?>
<manifest identifier="Cg3CJSpf3sUHB" xmlns="http://www.imsproject.org/xsd/imscp_rootv1p1p2" xmlns:adlcp="http://www.adlnet.org/xsd/adlcp_rootv1p2" xmlns:xsi="http://www.w3.org/2001/XMLSchema-instance" xmlns:lom="http://www.imsglobal.org/xsd/imsmd_rootv1p2p1" xsi:schemaLocation="http://www.imsproject.org/xsd/imscp_rootv1p1p2 imscp_rootv1p1p2.xsd http://www.imsglobal.org/xsd/imsmd_rootv1p2p1 imsmd_rootv1p2p1.xsd http://www.adlnet.org/xsd/adlcp_rootv1p2 adlcp_rootv1p2.xsd">
<metadata>
<schema>ADL SCORM</schema>
<schemaversion>1.2</schemaversion>
<lom:lom>
<lom:general>
<lom:title>
<lom:langstring>DNACPRM10 - Cisco DNA Center Programmability v1.0 drn_1_4</lom:langstring>
</lom:title>
</lom:general>
<lom:educational>
<lom:typicallearningtime>
<lom:datetime>01:00:00</lom:datetime>
</lom:typicallearningtime>
</lom:educational>
</lom:lom>
</metadata>
<organizations default="dnacprm10_-_cisco_dna_center_programmability_v1.0_drn_1_4_organization">
<organization identifier="dnacprm10_-_cisco_dna_center_programmability_v1.0_drn_1_4_organization">
<title>DNACPRM10 - Cisco DNA Center Programmability v1.0 drn_1_4</title>
<item identifier="F1D51618-26F6-46CE-948F-6E8D2F0743B8" identifierref="resource">
<title>DNACPRM10 - Cisco DNA Center Programmability v1.0 drn_1_4</title>
</item>
</organization>
</organizations>
<resources>
<resource identifier="resource" type="webcontent" adlcp:scormtype="sco" href="res/index.html">
<file href="res/index.html"/>
<file href="res/lms.js"/>
<file href="res/data/thmb1.png"/>
<file href="res/data/slide1.js"/>
<file href="res/data/slide1.css"/>
<file href="res/data/thmb2.png"/>
<file href="res/data/slide2.js"/>
<file href="res/data/slide2.css"/>
<file href="res/data/thmb3.png"/>
<file href="res/data/slide3.js"/>
<file href="res/data/slide3.css"/>
<file href="res/data/thmb4.png"/>
<file href="res/data/slide4.js"/>
<file href="res/data/slide4.css"/>
<file href="res/data/thmb5.png"/>
<file href="res/data/slide5.js"/>
<file href="res/data/slide5.css"/>
<file href="res/data/thmb6.png"/>
<file href="res/data/slide6.js"/>
<file href="res/data/slide6.css"/>
<file href="res/data/thmb7.png"/>
<file href="res/data/slide7.js"/>
<file href="res/data/slide7.css"/>
<file href="res/data/thmb8.png"/>
<file href="res/data/slide8.js"/>
<file href="res/data/slide8.css"/>
<file href="res/data/thmb9.png"/>
<file href="res/data/slide9.js"/>
<file href="res/data/slide9.css"/>
<file href="res/data/thmb10.png"/>
<file href="res/data/slide10.js"/>
<file href="res/data/slide10.css"/>
<file href="res/data/thmb11.jpg"/>
<file href="res/data/slide11.js"/>
<file href="res/data/slide11.css"/>
<file href="res/data/thmb12.png"/>
<file href="res/data/slide12.js"/>
<file href="res/data/slide12.css"/>
<file href="res/data/thmb13.png"/>
<file href="res/data/slide13.js"/>
<file href="res/data/slide13.css"/>
<file href="res/data/thmb14.png"/>
<file href="res/data/slide14.js"/>
<file href="res/data/slide14.css"/>
<file href="res/data/thmb15.png"/>
<file href="res/data/slide15.js"/>
<file href="res/data/slide15.css"/>
<file href="res/data/thmb16.png"/>
<file href="res/data/slide16.js"/>
<file href="res/data/slide16.css"/>
<file href="res/data/thmb17.jpg"/>
<file href="res/data/slide17.js"/>
<file href="res/data/slide17.css"/>
<file href="res/data/thmb18.png"/>
<file href="res/data/slide18.js"/>
<file href="res/data/slide18.css"/>
<file href="res/data/thmb19.png"/>
<file href="res/data/slide19.js"/>
<file href="res/data/slide19.css"/>
<file href="res/data/thmb20.png"/>
<file href="res/data/slide20.js"/>
<file href="res/data/slide20.css"/>
<file href="res/data/thmb21.png"/>
<file href="res/data/slide21.js"/>
<file href="res/data/slide21.css"/>
<file href="res/data/thmb22.png"/>
<file href="res/data/slide22.js"/>
<file href="res/data/slide22.css"/>
<file href="res/data/thmb23.png"/>
<file href="res/data/slide23.js"/>
<file href="res/data/slide23.css"/>
<file href="res/data/thmb24.png"/>
<file href="res/data/slide24.js"/>
<file href="res/data/slide24.css"/>
<file href="res/data/thmb25.png"/>
<file href="res/data/slide25.js"/>
<file href="res/data/slide25.css"/>
<file href="res/data/thmb26.png"/>
<file href="res/data/slide26.js"/>
<file href="res/data/slide26.css"/>
<file href="res/data/thmb27.png"/>
<file href="res/data/slide27.js"/>
<file href="res/data/slide27.css"/>
<file href="res/data/thmb28.png"/>
<file href="res/data/slide28.js"/>
<file href="res/data/slide28.css"/>
<file href="res/data/thmb29.png"/>
<file href="res/data/slide29.js"/>
<file href="res/data/slide29.css"/>
<file href="res/data/thmb30.png"/>
<file href="res/data/slide30.js"/>
<file href="res/data/slide30.css"/>
<file href="res/data/thmb31.png"/>
<file href="res/data/slide31.js"/>
<file href="res/data/slide31.css"/>
<file href="res/data/thmb32.png"/>
<file href="res/data/slide32.js"/>
<file href="res/data/slide32.css"/>
<file href="res/data/thmb33.png"/>
<file href="res/data/slide33.js"/>
<file href="res/data/slide33.css"/>
<file href="res/data/thmb34.png"/>
<file href="res/data/slide34.js"/>
<file href="res/data/slide34.css"/>
<file href="res/data/thmb35.png"/>
<file href="res/data/slide35.js"/>
<file href="res/data/slide35.css"/>
<file href="res/data/thmb36.png"/>
<file href="res/data/slide36.js"/>
<file href="res/data/slide36.css"/>
<file href="res/data/thmb37.png"/>
<file href="res/data/slide37.js"/>
<file href="res/data/slide37.css"/>
<file href="res/data/thmb38.png"/>
<file href="res/data/slide38.js"/>
<file href="res/data/slide38.css"/>
<file href="res/data/thmb39.png"/>
<file href="res/data/slide39.js"/>
<file href="res/data/slide39.css"/>
<file href="res/data/thmb40.png"/>
<file href="res/data/slide40.js"/>
<file href="res/data/slide40.css"/>
<file href="res/data/thmb41.png"/>
<file href="res/data/slide41.js"/>
<file href="res/data/slide41.css"/>
<file href="res/data/thmb42.png"/>
<file href="res/data/slide42.js"/>
<file href="res/data/slide42.css"/>
<file href="res/data/thmb43.png"/>
<file href="res/data/slide43.js"/>
<file href="res/data/slide43.css"/>
<file href="res/data/thmb44.png"/>
<file href="res/data/slide44.js"/>
<file href="res/data/slide44.css"/>
<file href="res/data/thmb45.png"/>
<file href="res/data/slide45.js"/>
<file href="res/data/slide45.css"/>
<file href="res/data/thmb46.png"/>
<file href="res/data/slide46.js"/>
<file href="res/data/slide46.css"/>
<file href="res/data/thmb47.png"/>
<file href="res/data/slide47.js"/>
<file href="res/data/slide47.css"/>
<file href="res/data/thmb48.png"/>
<file href="res/data/slide48.js"/>
<file href="res/data/slide48.css"/>
<file href="res/data/thmb49.png"/>
<file href="res/data/slide49.js"/>
<file href="res/data/slide49.css"/>
<file href="res/data/thmb50.png"/>
<file href="res/data/slide50.js"/>
<file href="res/data/slide50.css"/>
<file href="res/data/thmb51.png"/>
<file href="res/data/slide51.js"/>
<file href="res/data/slide51.css"/>
<file href="res/data/thmb52.png"/>
<file href="res/data/slide52.js"/>
<file href="res/data/slide52.css"/>
<file href="res/data/thmb53.png"/>
<file href="res/data/slide53.js"/>
<file href="res/data/slide53.css"/>
<file href="res/data/thmb54.png"/>
<file href="res/data/slide54.js"/>
<file href="res/data/slide54.css"/>
<file href="res/data/thmb55.png"/>
<file href="res/data/slide55.js"/>
<file href="res/data/slide55.css"/>
<file href="res/data/thmb56.png"/>
<file href="res/data/slide56.js"/>
<file href="res/data/slide56.css"/>
<file href="res/data/thmb57.png"/>
<file href="res/data/slide57.js"/>
<file href="res/data/slide57.css"/>
<file href="res/data/thmb58.png"/>
<file href="res/data/slide58.js"/>
<file href="res/data/slide58.css"/>
<file href="res/data/thmb59.png"/>
<file href="res/data/slide59.js"/>
<file href="res/data/slide59.css"/>
<file href="res/data/thmb60.png"/>
<file href="res/data/slide60.js"/>
<file href="res/data/slide60.css"/>
<file href="res/data/thmb61.png"/>
<file href="res/data/slide61.js"/>
<file href="res/data/slide61.css"/>
<file href="res/data/thmb62.png"/>
<file href="res/data/slide62.js"/>
<file href="res/data/slide62.css"/>
<file href="res/data/thmb63.png"/>
<file href="res/data/slide63.js"/>
<file href="res/data/slide63.css"/>
<file href="res/data/thmb64.png"/>
<file href="res/data/slide64.js"/>
<file href="res/data/slide64.css"/>
<file href="res/data/thmb65.png"/>
<file href="res/data/slide65.js"/>
<file href="res/data/slide65.css"/>
<file href="res/data/thmb66.png"/>
<file href="res/data/slide66.js"/>
<file href="res/data/slide66.css"/>
<file href="res/data/thmb67.png"/>
<file href="res/data/slide67.js"/>
<file href="res/data/slide67.css"/>
<file href="res/data/thmb68.png"/>
<file href="res/data/slide68.js"/>
<file href="res/data/slide68.css"/>
<file href="res/data/thmb69.png"/>
<file href="res/data/slide69.js"/>
<file href="res/data/slide69.css"/>
<file href="res/data/thmb70.png"/>
<file href="res/data/slide70.js"/>
<file href="res/data/slide70.css"/>
<file href="res/data/thmb71.png"/>
<file href="res/data/slide71.js"/>
<file href="res/data/slide71.css"/>
<file href="res/data/thmb72.png"/>
<file href="res/data/slide72.js"/>
<file href="res/data/slide72.css"/>
<file href="res/data/thmb73.png"/>
<file href="res/data/slide73.js"/>
<file href="res/data/slide73.css"/>
<file href="res/data/thmb74.png"/>
<file href="res/data/slide74.js"/>
<file href="res/data/slide74.css"/>
<file href="res/data/thmb75.png"/>
<file href="res/data/slide75.js"/>
<file href="res/data/slide75.css"/>
<file href="res/data/thmb76.png"/>
<file href="res/data/slide76.js"/>
<file href="res/data/slide76.css"/>
<file href="res/data/thmb77.png"/>
<file href="res/data/slide77.js"/>
<file href="res/data/slide77.css"/>
<file href="res/data/thmb78.png"/>
<file href="res/data/slide78.js"/>
<file href="res/data/slide78.css"/>
<file href="res/data/thmb79.png"/>
<file href="res/data/slide79.js"/>
<file href="res/data/slide79.css"/>
<file href="res/data/thmb80.png"/>
<file href="res/data/slide80.js"/>
<file href="res/data/slide80.css"/>
<file href="res/data/thmb81.png"/>
<file href="res/data/slide81.js"/>
<file href="res/data/slide81.css"/>
<file href="res/data/thmb82.png"/>
<file href="res/data/slide82.js"/>
<file href="res/data/slide82.css"/>
<file href="res/data/thmb83.png"/>
<file href="res/data/slide83.js"/>
<file href="res/data/slide83.css"/>
<file href="res/data/thmb84.png"/>
<file href="res/data/slide84.js"/>
<file href="res/data/slide84.css"/>
<file href="res/data/thmb85.png"/>
<file href="res/data/slide85.js"/>
<file href="res/data/slide85.css"/>
<file href="res/data/thmb86.png"/>
<file href="res/data/slide86.js"/>
<file href="res/data/slide86.css"/>
<file href="res/data/thmb87.png"/>
<file href="res/data/slide87.js"/>
<file href="res/data/slide87.css"/>
<file href="res/data/thmb88.png"/>
<file href="res/data/slide88.js"/>
<file href="res/data/slide88.css"/>
<file href="res/data/thmb89.png"/>
<file href="res/data/slide89.js"/>
<file href="res/data/slide89.css"/>
<file href="res/data/thmb90.png"/>
<file href="res/data/slide90.js"/>
<file href="res/data/slide90.css"/>
<file href="res/data/thmb91.png"/>
<file href="res/data/slide91.js"/>
<file href="res/data/slide91.css"/>
<file href="res/data/thmb92.png"/>
<file href="res/data/slide92.js"/>
<file href="res/data/slide92.css"/>
<file href="res/data/thmb93.png"/>
<file href="res/data/slide93.js"/>
<file href="res/data/slide93.css"/>
<file href="res/data/thmb94.png"/>
<file href="res/data/slide94.js"/>
<file href="res/data/slide94.css"/>
<file href="res/data/thmb95.png"/>
<file href="res/data/slide95.js"/>
<file href="res/data/slide95.css"/>
<file href="res/data/thmb96.png"/>
<file href="res/data/slide96.js"/>
<file href="res/data/slide96.css"/>
<file href="res/data/thmb97.png"/>
<file href="res/data/slide97.js"/>
<file href="res/data/slide97.css"/>
<file href="res/data/thmb98.png"/>
<file href="res/data/slide98.js"/>
<file href="res/data/slide98.css"/>
<file href="res/data/thmb99.png"/>
<file href="res/data/slide99.js"/>
<file href="res/data/slide99.css"/>
<file href="res/data/thmb100.png"/>
<file href="res/data/slide100.js"/>
<file href="res/data/slide100.css"/>
<file href="res/data/thmb101.png"/>
<file href="res/data/slide101.js"/>
<file href="res/data/slide101.css"/>
<file href="res/data/thmb102.png"/>
<file href="res/data/slide102.js"/>
<file href="res/data/slide102.css"/>
<file href="res/data/thmb103.png"/>
<file href="res/data/slide103.js"/>
<file href="res/data/slide103.css"/>
<file href="res/data/thmb104.png"/>
<file href="res/data/slide104.js"/>
<file href="res/data/slide104.css"/>
<file href="res/data/thmb105.png"/>
<file href="res/data/slide105.js"/>
<file href="res/data/slide105.css"/>
<file href="res/data/thmb106.png"/>
<file href="res/data/slide106.js"/>
<file href="res/data/slide106.css"/>
<file href="res/data/thmb107.png"/>
<file href="res/data/slide107.js"/>
<file href="res/data/slide107.css"/>
<file href="res/data/thmb108.png"/>
<file href="res/data/slide108.js"/>
<file href="res/data/slide108.css"/>
<file href="res/data/thmb109.png"/>
<file href="res/data/slide109.js"/>
<file href="res/data/slide109.css"/>
<file href="res/data/thmb110.png"/>
<file href="res/data/slide110.js"/>
<file href="res/data/slide110.css"/>
<file href="res/data/thmb111.png"/>
<file href="res/data/slide111.js"/>
<file href="res/data/slide111.css"/>
<file href="res/data/thmb112.png"/>
<file href="res/data/slide112.js"/>
<file href="res/data/slide112.css"/>
<file href="res/data/thmb113.png"/>
<file href="res/data/slide113.js"/>
<file href="res/data/slide113.css"/>
<file href="res/data/thmb114.png"/>
<file href="res/data/slide114.js"/>
<file href="res/data/slide114.css"/>
<file href="res/data/thmb115.png"/>
<file href="res/data/slide115.js"/>
<file href="res/data/slide115.css"/>
<file href="res/data/thmb116.png"/>
<file href="res/data/slide116.js"/>
<file href="res/data/slide116.css"/>
<file href="res/data/thmb117.png"/>
<file href="res/data/slide117.js"/>
<file href="res/data/slide117.css"/>
<file href="res/data/thmb118.png"/>
<file href="res/data/slide118.js"/>
<file href="res/data/slide118.css"/>
<file href="res/data/thmb119.png"/>
<file href="res/data/slide119.js"/>
<file href="res/data/slide119.css"/>
<file href="res/data/thmb120.png"/>
<file href="res/data/slide120.js"/>
<file href="res/data/slide120.css"/>
<file href="res/data/thmb121.png"/>
<file href="res/data/slide121.js"/>
<file href="res/data/slide121.css"/>
<file href="res/data/thmb122.png"/>
<file href="res/data/slide122.js"/>
<file href="res/data/slide122.css"/>
<file href="res/data/thmb123.png"/>
<file href="res/data/slide123.js"/>
<file href="res/data/slide123.css"/>
<file href="res/data/thmb124.png"/>
<file href="res/data/slide124.js"/>
<file href="res/data/slide124.css"/>
<file href="res/data/thmb125.png"/>
<file href="res/data/slide125.js"/>
<file href="res/data/slide125.css"/>
<file href="res/data/thmb126.png"/>
<file href="res/data/slide126.js"/>
<file href="res/data/slide126.css"/>
<file href="res/data/thmb127.png"/>
<file href="res/data/slide127.js"/>
<file href="res/data/slide127.css"/>
<file href="res/data/thmb128.png"/>
<file href="res/data/slide128.js"/>
<file href="res/data/slide128.css"/>
<file href="res/data/thmb129.png"/>
<file href="res/data/slide129.js"/>
<file href="res/data/slide129.css"/>
<file href="res/data/thmb130.png"/>
<file href="res/data/slide130.js"/>
<file href="res/data/slide130.css"/>
<file href="res/data/thmb131.png"/>
<file href="res/data/slide131.js"/>
<file href="res/data/slide131.css"/>
<file href="res/data/thmb132.png"/>
<file href="res/data/slide132.js"/>
<file href="res/data/slide132.css"/>
<file href="res/data/thmb133.png"/>
<file href="res/data/slide133.js"/>
<file href="res/data/slide133.css"/>
<file href="res/data/thmb134.png"/>
<file href="res/data/slide134.js"/>
<file href="res/data/slide134.css"/>
<file href="res/data/thmb135.png"/>
<file href="res/data/slide135.js"/>
<file href="res/data/slide135.css"/>
<file href="res/data/thmb136.png"/>
<file href="res/data/slide136.js"/>
<file href="res/data/slide136.css"/>
<file href="res/data/thmb137.png"/>
<file href="res/data/slide137.js"/>
<file href="res/data/slide137.css"/>
<file href="res/data/thmb138.png"/>
<file href="res/data/slide138.js"/>
<file href="res/data/slide138.css"/>
<file href="res/data/thmb139.png"/>
<file href="res/data/slide139.js"/>
<file href="res/data/slide139.css"/>
<file href="res/data/thmb140.png"/>
<file href="res/data/slide140.js"/>
<file href="res/data/slide140.css"/>
<file href="res/data/thmb141.png"/>
<file href="res/data/slide141.js"/>
<file href="res/data/slide141.css"/>
<file href="res/data/thmb142.png"/>
<file href="res/data/slide142.js"/>
<file href="res/data/slide142.css"/>
<file href="res/data/thmb143.png"/>
<file href="res/data/slide143.js"/>
<file href="res/data/slide143.css"/>
<file href="res/data/thmb144.png"/>
<file href="res/data/slide144.js"/>
<file href="res/data/slide144.css"/>
<file href="res/data/thmb145.png"/>
<file href="res/data/slide145.js"/>
<file href="res/data/slide145.css"/>
<file href="res/data/thmb146.png"/>
<file href="res/data/slide146.js"/>
<file href="res/data/slide146.css"/>
<file href="res/data/thmb147.png"/>
<file href="res/data/slide147.js"/>
<file href="res/data/slide147.css"/>
<file href="res/data/thmb148.png"/>
<file href="res/data/slide148.js"/>
<file href="res/data/slide148.css"/>
<file href="res/data/thmb149.png"/>
<file href="res/data/slide149.js"/>
<file href="res/data/slide149.css"/>
<file href="res/data/thmb150.png"/>
<file href="res/data/slide150.js"/>
<file href="res/data/slide150.css"/>
<file href="res/data/thmb151.png"/>
<file href="res/data/slide151.js"/>
<file href="res/data/slide151.css"/>
<file href="res/data/thmb152.png"/>
<file href="res/data/slide152.js"/>
<file href="res/data/slide152.css"/>
<file href="res/data/thmb153.png"/>
<file href="res/data/slide153.js"/>
<file href="res/data/slide153.css"/>
<file href="res/data/thmb154.png"/>
<file href="res/data/slide154.js"/>
<file href="res/data/slide154.css"/>
<file href="res/data/thmb155.png"/>
<file href="res/data/slide155.js"/>
<file href="res/data/slide155.css"/>
<file href="res/data/thmb156.png"/>
<file href="res/data/slide156.js"/>
<file href="res/data/slide156.css"/>
<file href="res/data/thmb157.png"/>
<file href="res/data/slide157.js"/>
<file href="res/data/slide157.css"/>
<file href="res/data/thmb158.png"/>
<file href="res/data/slide158.js"/>
<file href="res/data/slide158.css"/>
<file href="res/data/thmb159.png"/>
<file href="res/data/slide159.js"/>
<file href="res/data/slide159.css"/>
<file href="res/data/thmb160.png"/>
<file href="res/data/slide160.js"/>
<file href="res/data/slide160.css"/>
<file href="res/data/thmb161.png"/>
<file href="res/data/slide161.js"/>
<file href="res/data/slide161.css"/>
<file href="res/data/thmb162.png"/>
<file href="res/data/slide162.js"/>
<file href="res/data/slide162.css"/>
<file href="res/data/thmb163.png"/>
<file href="res/data/slide163.js"/>
<file href="res/data/slide163.css"/>
<file href="res/data/thmb164.png"/>
<file href="res/data/slide164.js"/>
<file href="res/data/slide164.css"/>
<file href="res/data/thmb165.png"/>
<file href="res/data/slide165.js"/>
<file href="res/data/slide165.css"/>
<file href="res/data/thmb166.png"/>
<file href="res/data/slide166.js"/>
<file href="res/data/slide166.css"/>
<file href="res/data/thmb167.png"/>
<file href="res/data/slide167.js"/>
<file href="res/data/slide167.css"/>
<file href="res/data/thmb168.jpg"/>
<file href="res/data/slide168.js"/>
<file href="res/data/slide168.css"/>
<file href="res/data/thmb169.jpg"/>
<file href="res/data/slide169.js"/>
<file href="res/data/slide169.css"/>
<file href="res/data/thmb170.png"/>
<file href="res/data/slide170.js"/>
<file href="res/data/slide170.css"/>
<file href="res/data/thmb171.png"/>
<file href="res/data/slide171.js"/>
<file href="res/data/slide171.css"/>
<file href="res/data/thmb172.png"/>
<file href="res/data/slide172.js"/>
<file href="res/data/slide172.css"/>
<file href="res/data/thmb173.jpg"/>
<file href="res/data/slide173.js"/>
<file href="res/data/slide173.css"/>
<file href="res/data/thmb174.png"/>
<file href="res/data/slide174.js"/>
<file href="res/data/slide174.css"/>
<file href="res/data/thmb175.png"/>
<file href="res/data/slide175.js"/>
<file href="res/data/slide175.css"/>
<file href="res/data/thmb176.png"/>
<file href="res/data/slide176.js"/>
<file href="res/data/slide176.css"/>
<file href="res/data/thmb177.png"/>
<file href="res/data/slide177.js"/>
<file href="res/data/slide177.css"/>
<file href="res/data/thmb178.png"/>
<file href="res/data/slide178.js"/>
<file href="res/data/slide178.css"/>
<file href="res/data/thmb179.png"/>
<file href="res/data/slide179.js"/>
<file href="res/data/slide179.css"/>
<file href="res/data/thmb180.png"/>
<file href="res/data/slide180.js"/>
<file href="res/data/slide180.css"/>
<file href="res/data/thmb181.png"/>
<file href="res/data/slide181.js"/>
<file href="res/data/slide181.css"/>
<file href="res/data/thmb182.png"/>
<file href="res/data/slide182.js"/>
<file href="res/data/slide182.css"/>
<file href="res/data/thmb183.png"/>
<file href="res/data/slide183.js"/>
<file href="res/data/slide183.css"/>
<file href="res/data/thmb184.png"/>
<file href="res/data/slide184.js"/>
<file href="res/data/slide184.css"/>
<file href="res/data/thmb185.png"/>
<file href="res/data/slide185.js"/>
<file href="res/data/slide185.css"/>
<file href="res/data/thmb186.png"/>
<file href="res/data/slide186.js"/>
<file href="res/data/slide186.css"/>
<file href="res/data/thmb187.png"/>
<file href="res/data/slide187.js"/>
<file href="res/data/slide187.css"/>
<file href="res/data/thmb188.png"/>
<file href="res/data/slide188.js"/>
<file href="res/data/slide188.css"/>
<file href="res/data/thmb189.png"/>
<file href="res/data/slide189.js"/>
<file href="res/data/slide189.css"/>
<file href="res/data/thmb190.png"/>
<file href="res/data/slide190.js"/>
<file href="res/data/slide190.css"/>
<file href="res/data/thmb191.png"/>
<file href="res/data/slide191.js"/>
<file href="res/data/slide191.css"/>
<file href="res/data/thmb192.png"/>
<file href="res/data/slide192.js"/>
<file href="res/data/slide192.css"/>
<file href="res/data/thmb193.png"/>
<file href="res/data/slide193.js"/>
<file href="res/data/slide193.css"/>
<file href="res/data/thmb194.png"/>
<file href="res/data/slide194.js"/>
<file href="res/data/slide194.css"/>
<file href="res/data/thmb195.png"/>
<file href="res/data/slide195.js"/>
<file href="res/data/slide195.css"/>
<file href="res/data/thmb196.png"/>
<file href="res/data/slide196.js"/>
<file href="res/data/slide196.css"/>
<file href="res/data/thmb197.png"/>
<file href="res/data/slide197.js"/>
<file href="res/data/slide197.css"/>
<file href="res/data/thmb198.png"/>
<file href="res/data/slide198.js"/>
<file href="res/data/slide198.css"/>
<file href="res/data/thmb199.png"/>
<file href="res/data/slide199.js"/>
<file href="res/data/slide199.css"/>
<file href="res/data/thmb200.png"/>
<file href="res/data/slide200.js"/>
<file href="res/data/slide200.css"/>
<file href="res/data/thmb201.png"/>
<file href="res/data/slide201.js"/>
<file href="res/data/slide201.css"/>
<file href="res/data/thmb202.png"/>
<file href="res/data/slide202.js"/>
<file href="res/data/slide202.css"/>
<file href="res/data/thmb203.png"/>
<file href="res/data/slide203.js"/>
<file href="res/data/slide203.css"/>
<file href="res/data/thmb204.png"/>
<file href="res/data/slide204.js"/>
<file href="res/data/slide204.css"/>
<file href="res/data/thmb205.png"/>
<file href="res/data/slide205.js"/>
<file href="res/data/slide205.css"/>
<file href="res/data/thmb206.png"/>
<file href="res/data/slide206.js"/>
<file href="res/data/slide206.css"/>
<file href="res/data/thmb207.png"/>
<file href="res/data/slide207.js"/>
<file href="res/data/slide207.css"/>
<file href="res/data/thmb208.png"/>
<file href="res/data/slide208.js"/>
<file href="res/data/slide208.css"/>
<file href="res/data/thmb209.png"/>
<file href="res/data/slide209.js"/>
<file href="res/data/slide209.css"/>
<file href="res/data/thmb210.png"/>
<file href="res/data/slide210.js"/>
<file href="res/data/slide210.css"/>
<file href="res/data/thmb211.png"/>
<file href="res/data/slide211.js"/>
<file href="res/data/slide211.css"/>
<file href="res/data/thmb212.png"/>
<file href="res/data/slide212.js"/>
<file href="res/data/slide212.css"/>
<file href="res/data/thmb213.png"/>
<file href="res/data/slide213.js"/>
<file href="res/data/slide213.css"/>
<file href="res/data/thmb214.png"/>
<file href="res/data/slide214.js"/>
<file href="res/data/slide214.css"/>
<file href="res/data/thmb215.png"/>
<file href="res/data/slide215.js"/>
<file href="res/data/slide215.css"/>
<file href="res/data/thmb216.png"/>
<file href="res/data/slide216.js"/>
<file href="res/data/slide216.css"/>
<file href="res/data/thmb217.png"/>
<file href="res/data/slide217.js"/>
<file href="res/data/slide217.css"/>
<file href="res/data/thmb218.png"/>
<file href="res/data/slide218.js"/>
<file href="res/data/slide218.css"/>
<file href="res/data/thmb219.png"/>
<file href="res/data/slide219.js"/>
<file href="res/data/slide219.css"/>
<file href="res/data/thmb220.png"/>
<file href="res/data/slide220.js"/>
<file href="res/data/slide220.css"/>
<file href="res/data/thmb221.png"/>
<file href="res/data/slide221.js"/>
<file href="res/data/slide221.css"/>
<file href="res/data/thmb222.png"/>
<file href="res/data/slide222.js"/>
<file href="res/data/slide222.css"/>
<file href="res/data/thmb223.png"/>
<file href="res/data/slide223.js"/>
<file href="res/data/slide223.css"/>
<file href="res/data/thmb224.png"/>
<file href="res/data/slide224.js"/>
<file href="res/data/slide224.css"/>
<file href="res/data/thmb225.png"/>
<file href="res/data/slide225.js"/>
<file href="res/data/slide225.css"/>
<file href="res/data/thmb226.png"/>
<file href="res/data/slide226.js"/>
<file href="res/data/slide226.css"/>
<file href="res/data/thmb227.png"/>
<file href="res/data/slide227.js"/>
<file href="res/data/slide227.css"/>
<file href="res/data/thmb228.png"/>
<file href="res/data/slide228.js"/>
<file href="res/data/slide228.css"/>
<file href="res/data/thmb229.png"/>
<file href="res/data/slide229.js"/>
<file href="res/data/slide229.css"/>
<file href="res/data/thmb230.png"/>
<file href="res/data/slide230.js"/>
<file href="res/data/slide230.css"/>
<file href="res/data/thmb231.png"/>
<file href="res/data/slide231.js"/>
<file href="res/data/slide231.css"/>
<file href="res/data/thmb232.png"/>
<file href="res/data/slide232.js"/>
<file href="res/data/slide232.css"/>
<file href="res/data/thmb233.png"/>
<file href="res/data/slide233.js"/>
<file href="res/data/slide233.css"/>
<file href="res/data/thmb234.png"/>
<file href="res/data/slide234.js"/>
<file href="res/data/slide234.css"/>
<file href="res/data/thmb235.png"/>
<file href="res/data/slide235.js"/>
<file href="res/data/slide235.css"/>
<file href="res/data/thmb236.png"/>
<file href="res/data/slide236.js"/>
<file href="res/data/slide236.css"/>
<file href="res/data/thmb237.png"/>
<file href="res/data/slide237.js"/>
<file href="res/data/slide237.css"/>
<file href="res/data/thmb238.png"/>
<file href="res/data/slide238.js"/>
<file href="res/data/slide238.css"/>
<file href="res/data/thmb239.png"/>
<file href="res/data/slide239.js"/>
<file href="res/data/slide239.css"/>
<file href="res/data/thmb240.png"/>
<file href="res/data/slide240.js"/>
<file href="res/data/slide240.css"/>
<file href="res/data/thmb241.png"/>
<file href="res/data/slide241.js"/>
<file href="res/data/slide241.css"/>
<file href="res/data/thmb242.png"/>
<file href="res/data/slide242.js"/>
<file href="res/data/slide242.css"/>
<file href="res/data/thmb243.png"/>
<file href="res/data/slide243.js"/>
<file href="res/data/slide243.css"/>
<file href="res/data/thmb244.png"/>
<file href="res/data/slide244.js"/>
<file href="res/data/slide244.css"/>
<file href="res/data/thmb245.png"/>
<file href="res/data/slide245.js"/>
<file href="res/data/slide245.css"/>
<file href="res/data/thmb246.png"/>
<file href="res/data/slide246.js"/>
<file href="res/data/slide246.css"/>
<file href="res/data/thmb247.png"/>
<file href="res/data/slide247.js"/>
<file href="res/data/slide247.css"/>
<file href="res/data/thmb248.png"/>
<file href="res/data/slide248.js"/>
<file href="res/data/slide248.css"/>
<file href="res/data/thmb249.png"/>
<file href="res/data/slide249.js"/>
<file href="res/data/slide249.css"/>
<file href="res/data/thmb250.png"/>
<file href="res/data/slide250.js"/>
<file href="res/data/slide250.css"/>
<file href="res/data/thmb251.png"/>
<file href="res/data/slide251.js"/>
<file href="res/data/slide251.css"/>
<file href="res/data/thmb252.png"/>
<file href="res/data/slide252.js"/>
<file href="res/data/slide252.css"/>
<file href="res/data/thmb253.png"/>
<file href="res/data/slide253.js"/>
<file href="res/data/slide253.css"/>
<file href="res/data/thmb254.png"/>
<file href="res/data/slide254.js"/>
<file href="res/data/slide254.css"/>
<file href="res/data/thmb255.jpg"/>
<file href="res/data/slide255.js"/>
<file href="res/data/slide255.css"/>
<file href="res/data/thmb256.png"/>
<file href="res/data/slide256.js"/>
<file href="res/data/slide256.css"/>
<file href="res/data/thmb257.png"/>
<file href="res/data/slide257.js"/>
<file href="res/data/slide257.css"/>
<file href="res/data/thmb258.png"/>
<file href="res/data/slide258.js"/>
<file href="res/data/slide258.css"/>
<file href="res/data/thmb259.png"/>
<file href="res/data/slide259.js"/>
<file href="res/data/slide259.css"/>
<file href="res/data/thmb260.png"/>
<file href="res/data/slide260.js"/>
<file href="res/data/slide260.css"/>
<file href="res/data/thmb261.png"/>
<file href="res/data/slide261.js"/>
<file href="res/data/slide261.css"/>
<file href="res/data/thmb262.png"/>
<file href="res/data/slide262.js"/>
<file href="res/data/slide262.css"/>
<file href="res/data/thmb263.png"/>
<file href="res/data/slide263.js"/>
<file href="res/data/slide263.css"/>
<file href="res/data/thmb264.png"/>
<file href="res/data/slide264.js"/>
<file href="res/data/slide264.css"/>
<file href="res/data/thmb265.png"/>
<file href="res/data/slide265.js"/>
<file href="res/data/slide265.css"/>
<file href="res/data/thmb266.png"/>
<file href="res/data/slide266.js"/>
<file href="res/data/slide266.css"/>
<file href="res/data/thmb267.png"/>
<file href="res/data/slide267.js"/>
<file href="res/data/slide267.css"/>
<file href="res/data/thmb268.png"/>
<file href="res/data/slide268.js"/>
<file href="res/data/slide268.css"/>
<file href="res/data/thmb269.png"/>
<file href="res/data/slide269.js"/>
<file href="res/data/slide269.css"/>
<file href="res/data/thmb270.png"/>
<file href="res/data/slide270.js"/>
<file href="res/data/slide270.css"/>
<file href="res/data/thmb271.png"/>
<file href="res/data/slide271.js"/>
<file href="res/data/slide271.css"/>
<file href="res/data/thmb272.png"/>
<file href="res/data/slide272.js"/>
<file href="res/data/slide272.css"/>
<file href="res/data/thmb273.png"/>
<file href="res/data/slide273.js"/>
<file href="res/data/slide273.css"/>
<file href="res/data/thmb274.png"/>
<file href="res/data/slide274.js"/>
<file href="res/data/slide274.css"/>
<file href="res/data/thmb275.png"/>
<file href="res/data/slide275.js"/>
<file href="res/data/slide275.css"/>
<file href="res/data/thmb276.png"/>
<file href="res/data/slide276.js"/>
<file href="res/data/slide276.css"/>
<file href="res/data/thmb277.png"/>
<file href="res/data/slide277.js"/>
<file href="res/data/slide277.css"/>
<file href="res/data/thmb278.png"/>
<file href="res/data/slide278.js"/>
<file href="res/data/slide278.css"/>
<file href="res/data/thmb279.png"/>
<file href="res/data/slide279.js"/>
<file href="res/data/slide279.css"/>
<file href="res/data/thmb280.png"/>
<file href="res/data/slide280.js"/>
<file href="res/data/slide280.css"/>
<file href="res/data/thmb281.png"/>
<file href="res/data/slide281.js"/>
<file href="res/data/slide281.css"/>
<file href="res/data/thmb282.png"/>
<file href="res/data/slide282.js"/>
<file href="res/data/slide282.css"/>
<file href="res/data/thmb283.png"/>
<file href="res/data/slide283.js"/>
<file href="res/data/slide283.css"/>
<file href="res/data/thmb284.png"/>
<file href="res/data/slide284.js"/>
<file href="res/data/slide284.css"/>
<file href="res/data/thmb285.png"/>
<file href="res/data/slide285.js"/>
<file href="res/data/slide285.css"/>
<file href="res/data/thmb286.png"/>
<file href="res/data/slide286.js"/>
<file href="res/data/slide286.css"/>
<file href="res/data/thmb287.png"/>
<file href="res/data/slide287.js"/>
<file href="res/data/slide287.css"/>
<file href="res/data/thmb288.png"/>
<file href="res/data/slide288.js"/>
<file href="res/data/slide288.css"/>
<file href="res/data/thmb289.png"/>
<file href="res/data/slide289.js"/>
<file href="res/data/slide289.css"/>
<file href="res/data/thmb290.png"/>
<file href="res/data/slide290.js"/>
<file href="res/data/slide290.css"/>
<file href="res/data/thmb291.jpg"/>
<file href="res/data/slide291.js"/>
<file href="res/data/slide291.css"/>
<file href="res/data/thmb292.png"/>
<file href="res/data/slide292.js"/>
<file href="res/data/slide292.css"/>
<file href="res/data/thmb293.png"/>
<file href="res/data/slide293.js"/>
<file href="res/data/slide293.css"/>
<file href="res/data/thmb294.png"/>
<file href="res/data/slide294.js"/>
<file href="res/data/slide294.css"/>
<file href="res/data/thmb295.png"/>
<file href="res/data/slide295.js"/>
<file href="res/data/slide295.css"/>
<file href="res/data/thmb296.png"/>
<file href="res/data/slide296.js"/>
<file href="res/data/slide296.css"/>
<file href="res/data/thmb297.png"/>
<file href="res/data/slide297.js"/>
<file href="res/data/slide297.css"/>
<file href="res/data/thmb298.png"/>
<file href="res/data/slide298.js"/>
<file href="res/data/slide298.css"/>
<file href="res/data/thmb299.png"/>
<file href="res/data/slide299.js"/>
<file href="res/data/slide299.css"/>
<file href="res/data/thmb300.png"/>
<file href="res/data/slide300.js"/>
<file href="res/data/slide300.css"/>
<file href="res/data/thmb301.png"/>
<file href="res/data/slide301.js"/>
<file href="res/data/slide301.css"/>
<file href="res/data/thmb302.png"/>
<file href="res/data/slide302.js"/>
<file href="res/data/slide302.css"/>
<file href="res/data/thmb303.png"/>
<file href="res/data/slide303.js"/>
<file href="res/data/slide303.css"/>
<file href="res/data/thmb304.png"/>
<file href="res/data/slide304.js"/>
<file href="res/data/slide304.css"/>
<file href="res/data/thmb305.png"/>
<file href="res/data/slide305.js"/>
<file href="res/data/slide305.css"/>
<file href="res/index.html"/>
<file href="res/data/player.js"/>
<file href="res/data/eraser.cur"/>
<file href="res/data/highlighter.cur"/>
<file href="res/data/marker.cur"/>
<file href="res/data/lock.cur"/>
<file href="res/data/browsersupport.js"/>
<file href="res/data/apple-touch-icon.png"/>
<file href="res/data/favicon.ico"/>
<file href="res/data/fnt0.woff"/>
<file href="res/data/fnt1.woff"/>
<file href="res/data/fnt10.woff"/>
<file href="res/data/fnt11.woff"/>
<file href="res/data/fnt12.woff"/>
<file href="res/data/fnt13.woff"/>
<file href="res/data/fnt14.woff"/>
<file href="res/data/fnt15.woff"/>
<file href="res/data/fnt16.woff"/>
<file href="res/data/fnt17.woff"/>
<file href="res/data/fnt18.woff"/>
<file href="res/data/fnt19.woff"/>
<file href="res/data/fnt2.woff"/>
<file href="res/data/fnt20.woff"/>
<file href="res/data/fnt3.woff"/>
<file href="res/data/fnt4.woff"/>
<file href="res/data/fnt5.woff"/>
<file href="res/data/fnt6.woff"/>
<file href="res/data/fnt7.woff"/>
<file href="res/data/fnt8.woff"/>
<file href="res/data/fnt9.woff"/>
<file href="res/data/html5-unsupported.html"/>
<file href="res/data/html5.png"/>
<file href="res/data/img0.png"/>
<file href="res/data/img1.png"/>
<file href="res/data/img10.png"/>
<file href="res/data/img100.png"/>
<file href="res/data/img101.png"/>
<file href="res/data/img102.png"/>
<file href="res/data/img103.png"/>
<file href="res/data/img104.png"/>
<file href="res/data/img105.png"/>
<file href="res/data/img106.png"/>
<file href="res/data/img107.png"/>
<file href="res/data/img108.png"/>
<file href="res/data/img109.png"/>
<file href="res/data/img11.jpg"/>
<file href="res/data/img110.png"/>
<file href="res/data/img111.png"/>
<file href="res/data/img112.png"/>
<file href="res/data/img113.png"/>
<file href="res/data/img114.png"/>
<file href="res/data/img115.png"/>
<file href="res/data/img116.png"/>
<file href="res/data/img117.png"/>
<file href="res/data/img118.png"/>
<file href="res/data/img119.png"/>
<file href="res/data/img12.jpg"/>
<file href="res/data/img120.png"/>
<file href="res/data/img121.png"/>
<file href="res/data/img122.png"/>
<file href="res/data/img123.png"/>
<file href="res/data/img124.jpg"/>
<file href="res/data/img125.png"/>
<file href="res/data/img126.png"/>
<file href="res/data/img127.png"/>
<file href="res/data/img128.png"/>
<file href="res/data/img129.png"/>
<file href="res/data/img13.png"/>
<file href="res/data/img130.png"/>
<file href="res/data/img131.png"/>
<file href="res/data/img132.png"/>
<file href="res/data/img133.png"/>
<file href="res/data/img134.png"/>
<file href="res/data/img135.png"/>
<file href="res/data/img136.png"/>
<file href="res/data/img137.png"/>
<file href="res/data/img138.png"/>
<file href="res/data/img139.png"/>
<file href="res/data/img14.jpg"/>
<file href="res/data/img140.png"/>
<file href="res/data/img141.png"/>
<file href="res/data/img142.png"/>
<file href="res/data/img143.png"/>
<file href="res/data/img144.png"/>
<file href="res/data/img145.png"/>
<file href="res/data/img146.png"/>
<file href="res/data/img147.png"/>
<file href="res/data/img148.png"/>
<file href="res/data/img149.png"/>
<file href="res/data/img15.png"/>
<file href="res/data/img150.png"/>
<file href="res/data/img151.png"/>
<file href="res/data/img152.png"/>
<file href="res/data/img153.png"/>
<file href="res/data/img154.jpg"/>
<file href="res/data/img155.jpg"/>
<file href="res/data/img156.png"/>
<file href="res/data/img157.jpg"/>
<file href="res/data/img158.png"/>
<file href="res/data/img159.png"/>
<file href="res/data/img16.png"/>
<file href="res/data/img160.png"/>
<file href="res/data/img161.png"/>
<file href="res/data/img162.png"/>
<file href="res/data/img163.png"/>
<file href="res/data/img164.jpg"/>
<file href="res/data/img165.png"/>
<file href="res/data/img166.png"/>
<file href="res/data/img167.png"/>
<file href="res/data/img168.png"/>
<file href="res/data/img169.png"/>
<file href="res/data/img17.png"/>
<file href="res/data/img170.png"/>
<file href="res/data/img171.png"/>
<file href="res/data/img172.jpg"/>
<file href="res/data/img173.png"/>
<file href="res/data/img174.png"/>
<file href="res/data/img175.png"/>
<file href="res/data/img176.png"/>
<file href="res/data/img177.png"/>
<file href="res/data/img178.png"/>
<file href="res/data/img179.png"/>
<file href="res/data/img18.png"/>
<file href="res/data/img180.png"/>
<file href="res/data/img181.png"/>
<file href="res/data/img182.png"/>
<file href="res/data/img183.png"/>
<file href="res/data/img184.png"/>
<file href="res/data/img185.png"/>
<file href="res/data/img186.png"/>
<file href="res/data/img187.png"/>
<file href="res/data/img188.png"/>
<file href="res/data/img189.png"/>
<file href="res/data/img19.png"/>
<file href="res/data/img190.png"/>
<file href="res/data/img191.png"/>
<file href="res/data/img192.png"/>
<file href="res/data/img193.png"/>
<file href="res/data/img194.png"/>
<file href="res/data/img195.png"/>
<file href="res/data/img196.png"/>
<file href="res/data/img197.png"/>
<file href="res/data/img198.png"/>
<file href="res/data/img199.png"/>
<file href="res/data/img2.png"/>
<file href="res/data/img20.jpg"/>
<file href="res/data/img200.png"/>
<file href="res/data/img201.png"/>
<file href="res/data/img202.png"/>
<file href="res/data/img203.png"/>
<file href="res/data/img204.png"/>
<file href="res/data/img205.png"/>
<file href="res/data/img206.png"/>
<file href="res/data/img207.png"/>
<file href="res/data/img208.png"/>
<file href="res/data/img209.png"/>
<file href="res/data/img21.png"/>
<file href="res/data/img210.png"/>
<file href="res/data/img211.png"/>
<file href="res/data/img212.png"/>
<file href="res/data/img213.png"/>
<file href="res/data/img214.png"/>
<file href="res/data/img215.png"/>
<file href="res/data/img216.png"/>
<file href="res/data/img217.jpg"/>
<file href="res/data/img218.png"/>
<file href="res/data/img219.png"/>
<file href="res/data/img22.png"/>
<file href="res/data/img220.png"/>
<file href="res/data/img221.png"/>
<file href="res/data/img222.png"/>
<file href="res/data/img223.png"/>
<file href="res/data/img224.png"/>
<file href="res/data/img225.png"/>
<file href="res/data/img226.png"/>
<file href="res/data/img227.png"/>
<file href="res/data/img228.png"/>
<file href="res/data/img229.png"/>
<file href="res/data/img23.png"/>
<file href="res/data/img230.png"/>
<file href="res/data/img231.png"/>
<file href="res/data/img232.png"/>
<file href="res/data/img233.png"/>
<file href="res/data/img234.png"/>
<file href="res/data/img235.png"/>
<file href="res/data/img236.png"/>
<file href="res/data/img237.png"/>
<file href="res/data/img238.png"/>
<file href="res/data/img239.png"/>
<file href="res/data/img24.png"/>
<file href="res/data/img240.png"/>
<file href="res/data/img241.png"/>
<file href="res/data/img242.png"/>
<file href="res/data/img243.png"/>
<file href="res/data/img244.png"/>
<file href="res/data/img245.png"/>
<file href="res/data/img246.png"/>
<file href="res/data/img247.png"/>
<file href="res/data/img248.png"/>
<file href="res/data/img249.png"/>
<file href="res/data/img25.png"/>
<file href="res/data/img250.png"/>
<file href="res/data/img251.png"/>
<file href="res/data/img252.png"/>
<file href="res/data/img253.jpg"/>
<file href="res/data/img254.png"/>
<file href="res/data/img255.png"/>
<file href="res/data/img256.jpg"/>
<file href="res/data/img257.png"/>
<file href="res/data/img258.png"/>
<file href="res/data/img259.jpg"/>
<file href="res/data/img26.png"/>
<file href="res/data/img260.png"/>
<file href="res/data/img261.png"/>
<file href="res/data/img262.png"/>
<file href="res/data/img263.png"/>
<file href="res/data/img264.png"/>
<file href="res/data/img265.png"/>
<file href="res/data/img266.png"/>
<file href="res/data/img267.png"/>
<file href="res/data/img268.png"/>
<file href="res/data/img269.png"/>
<file href="res/data/img27.png"/>
<file href="res/data/img270.png"/>
<file href="res/data/img271.jpg"/>
<file href="res/data/img272.png"/>
<file href="res/data/img273.png"/>
<file href="res/data/img274.png"/>
<file href="res/data/img275.png"/>
<file href="res/data/img276.png"/>
<file href="res/data/img277.png"/>
<file href="res/data/img278.png"/>
<file href="res/data/img279.png"/>
<file href="res/data/img28.png"/>
<file href="res/data/img280.png"/>
<file href="res/data/img281.png"/>
<file href="res/data/img282.png"/>
<file href="res/data/img283.png"/>
<file href="res/data/img284.png"/>
<file href="res/data/img285.png"/>
<file href="res/data/img286.png"/>
<file href="res/data/img287.png"/>
<file href="res/data/img288.png"/>
<file href="res/data/img289.png"/>
<file href="res/data/img29.png"/>
<file href="res/data/img290.png"/>
<file href="res/data/img291.png"/>
<file href="res/data/img292.png"/>
<file href="res/data/img293.png"/>
<file href="res/data/img294.png"/>
<file href="res/data/img295.png"/>
<file href="res/data/img296.png"/>
<file href="res/data/img297.png"/>
<file href="res/data/img298.png"/>
<file href="res/data/img299.png"/>
<file href="res/data/img3.png"/>
<file href="res/data/img30.png"/>
<file href="res/data/img300.png"/>
<file href="res/data/img301.png"/>
<file href="res/data/img302.png"/>
<file href="res/data/img303.png"/>
<file href="res/data/img304.png"/>
<file href="res/data/img305.png"/>
<file href="res/data/img306.png"/>
<file href="res/data/img307.png"/>
<file href="res/data/img308.png"/>
<file href="res/data/img309.png"/>
<file href="res/data/img31.png"/>
<file href="res/data/img310.png"/>
<file href="res/data/img311.png"/>
<file href="res/data/img312.png"/>
<file href="res/data/img313.png"/>
<file href="res/data/img314.png"/>
<file href="res/data/img315.png"/>
<file href="res/data/img316.png"/>
<file href="res/data/img317.png"/>
<file href="res/data/img318.png"/>
<file href="res/data/img319.png"/>
<file href="res/data/img32.png"/>
<file href="res/data/img320.png"/>
<file href="res/data/img321.png"/>
<file href="res/data/img322.png"/>
<file href="res/data/img323.png"/>
<file href="res/data/img324.png"/>
<file href="res/data/img325.png"/>
<file href="res/data/img326.png"/>
<file href="res/data/img327.png"/>
<file href="res/data/img328.png"/>
<file href="res/data/img329.png"/>
<file href="res/data/img33.png"/>
<file href="res/data/img330.png"/>
<file href="res/data/img331.png"/>
<file href="res/data/img332.png"/>
<file href="res/data/img333.png"/>
<file href="res/data/img334.png"/>
<file href="res/data/img335.png"/>
<file href="res/data/img336.png"/>
<file href="res/data/img337.png"/>
<file href="res/data/img338.png"/>
<file href="res/data/img339.png"/>
<file href="res/data/img34.png"/>
<file href="res/data/img340.png"/>
<file href="res/data/img341.png"/>
<file href="res/data/img342.png"/>
<file href="res/data/img343.png"/>
<file href="res/data/img344.png"/>
<file href="res/data/img345.png"/>
<file href="res/data/img346.png"/>
<file href="res/data/img347.png"/>
<file href="res/data/img348.png"/>
<file href="res/data/img349.png"/>
<file href="res/data/img35.png"/>
<file href="res/data/img350.png"/>
<file href="res/data/img351.png"/>
<file href="res/data/img352.png"/>
<file href="res/data/img353.png"/>
<file href="res/data/img354.png"/>
<file href="res/data/img355.png"/>
<file href="res/data/img356.png"/>
<file href="res/data/img357.png"/>
<file href="res/data/img358.png"/>
<file href="res/data/img359.png"/>
<file href="res/data/img36.png"/>
<file href="res/data/img360.png"/>
<file href="res/data/img361.png"/>
<file href="res/data/img362.png"/>
<file href="res/data/img363.png"/>
<file href="res/data/img364.png"/>
<file href="res/data/img365.png"/>
<file href="res/data/img366.png"/>
<file href="res/data/img367.png"/>
<file href="res/data/img368.png"/>
<file href="res/data/img369.png"/>
<file href="res/data/img37.png"/>
<file href="res/data/img370.png"/>
<file href="res/data/img371.png"/>
<file href="res/data/img372.png"/>
<file href="res/data/img373.png"/>
<file href="res/data/img374.png"/>
<file href="res/data/img375.png"/>
<file href="res/data/img376.png"/>
<file href="res/data/img377.png"/>
<file href="res/data/img378.png"/>
<file href="res/data/img379.png"/>
<file href="res/data/img38.png"/>
<file href="res/data/img380.png"/>
<file href="res/data/img381.png"/>
<file href="res/data/img382.png"/>
<file href="res/data/img383.png"/>
<file href="res/data/img384.png"/>
<file href="res/data/img385.png"/>
<file href="res/data/img386.png"/>
<file href="res/data/img387.png"/>
<file href="res/data/img388.png"/>
<file href="res/data/img389.png"/>
<file href="res/data/img39.png"/>
<file href="res/data/img390.png"/>
<file href="res/data/img391.png"/>
<file href="res/data/img392.png"/>
<file href="res/data/img393.png"/>
<file href="res/data/img394.jpg"/>
<file href="res/data/img395.png"/>
<file href="res/data/img396.png"/>
<file href="res/data/img397.png"/>
<file href="res/data/img398.png"/>
<file href="res/data/img399.png"/>
<file href="res/data/img4.png"/>
<file href="res/data/img40.png"/>
<file href="res/data/img400.png"/>
<file href="res/data/img401.png"/>
<file href="res/data/img402.png"/>
<file href="res/data/img403.png"/>
<file href="res/data/img404.png"/>
<file href="res/data/img405.jpg"/>
<file href="res/data/img406.png"/>
<file href="res/data/img407.png"/>
<file href="res/data/img408.png"/>
<file href="res/data/img409.png"/>
<file href="res/data/img41.png"/>
<file href="res/data/img410.png"/>
<file href="res/data/img411.png"/>
<file href="res/data/img412.png"/>
<file href="res/data/img413.png"/>
<file href="res/data/img414.png"/>
<file href="res/data/img415.png"/>
<file href="res/data/img416.png"/>
<file href="res/data/img417.png"/>
<file href="res/data/img418.png"/>
<file href="res/data/img419.png"/>
<file href="res/data/img42.png"/>
<file href="res/data/img420.png"/>
<file href="res/data/img421.png"/>
<file href="res/data/img422.png"/>
<file href="res/data/img423.png"/>
<file href="res/data/img424.png"/>
<file href="res/data/img425.png"/>
<file href="res/data/img426.png"/>
<file href="res/data/img427.png"/>
<file href="res/data/img428.png"/>
<file href="res/data/img429.png"/>
<file href="res/data/img43.png"/>
<file href="res/data/img430.png"/>
<file href="res/data/img431.png"/>
<file href="res/data/img432.png"/>
<file href="res/data/img433.png"/>
<file href="res/data/img434.png"/>
<file href="res/data/img435.jpg"/>
<file href="res/data/img436.png"/>
<file href="res/data/img437.png"/>
<file href="res/data/img438.png"/>
<file href="res/data/img439.png"/>
<file href="res/data/img44.png"/>
<file href="res/data/img440.png"/>
<file href="res/data/img441.png"/>
<file href="res/data/img442.png"/>
<file href="res/data/img443.png"/>
<file href="res/data/img444.png"/>
<file href="res/data/img445.png"/>
<file href="res/data/img446.png"/>
<file href="res/data/img447.png"/>
<file href="res/data/img448.png"/>
<file href="res/data/img449.png"/>
<file href="res/data/img45.png"/>
<file href="res/data/img450.jpg"/>
<file href="res/data/img451.jpg"/>
<file href="res/data/img452.png"/>
<file href="res/data/img453.jpg"/>
<file href="res/data/img454.png"/>
<file href="res/data/img455.png"/>
<file href="res/data/img456.png"/>
<file href="res/data/img457.png"/>
<file href="res/data/img458.png"/>
<file href="res/data/img459.png"/>
<file href="res/data/img46.png"/>
<file href="res/data/img460.png"/>
<file href="res/data/img461.png"/>
<file href="res/data/img462.png"/>
<file href="res/data/img463.png"/>
<file href="res/data/img464.png"/>
<file href="res/data/img465.png"/>
<file href="res/data/img466.png"/>
<file href="res/data/img467.png"/>
<file href="res/data/img468.jpg"/>
<file href="res/data/img469.png"/>
<file href="res/data/img47.png"/>
<file href="res/data/img470.png"/>
<file href="res/data/img471.png"/>
<file href="res/data/img472.png"/>
<file href="res/data/img473.png"/>
<file href="res/data/img474.png"/>
<file href="res/data/img475.png"/>
<file href="res/data/img476.png"/>
<file href="res/data/img477.png"/>
<file href="res/data/img478.png"/>
<file href="res/data/img479.png"/>
<file href="res/data/img48.png"/>
<file href="res/data/img480.png"/>
<file href="res/data/img481.png"/>
<file href="res/data/img482.png"/>
<file href="res/data/img483.png"/>
<file href="res/data/img484.png"/>
<file href="res/data/img485.png"/>
<file href="res/data/img486.png"/>
<file href="res/data/img487.png"/>
<file href="res/data/img488.png"/>
<file href="res/data/img489.png"/>
<file href="res/data/img49.jpg"/>
<file href="res/data/img490.png"/>
<file href="res/data/img491.png"/>
<file href="res/data/img492.png"/>
<file href="res/data/img493.png"/>
<file href="res/data/img494.png"/>
<file href="res/data/img495.png"/>
<file href="res/data/img496.png"/>
<file href="res/data/img497.png"/>
<file href="res/data/img498.png"/>
<file href="res/data/img499.png"/>
<file href="res/data/img5.png"/>
<file href="res/data/img50.png"/>
<file href="res/data/img500.png"/>
<file href="res/data/img501.png"/>
<file href="res/data/img502.png"/>
<file href="res/data/img503.png"/>
<file href="res/data/img504.png"/>
<file href="res/data/img505.png"/>
<file href="res/data/img506.png"/>
<file href="res/data/img507.png"/>
<file href="res/data/img508.png"/>
<file href="res/data/img509.png"/>
<file href="res/data/img51.png"/>
<file href="res/data/img510.png"/>
<file href="res/data/img511.png"/>
<file href="res/data/img512.png"/>
<file href="res/data/img513.png"/>
<file href="res/data/img514.png"/>
<file href="res/data/img515.png"/>
<file href="res/data/img516.png"/>
<file href="res/data/img517.jpg"/>
<file href="res/data/img518.png"/>
<file href="res/data/img519.png"/>
<file href="res/data/img52.png"/>
<file href="res/data/img520.png"/>
<file href="res/data/img521.png"/>
<file href="res/data/img522.png"/>
<file href="res/data/img523.png"/>
<file href="res/data/img524.png"/>
<file href="res/data/img525.png"/>
<file href="res/data/img526.png"/>
<file href="res/data/img527.png"/>
<file href="res/data/img528.png"/>
<file href="res/data/img529.png"/>
<file href="res/data/img53.png"/>
<file href="res/data/img530.png"/>
<file href="res/data/img531.png"/>
<file href="res/data/img532.png"/>
<file href="res/data/img533.png"/>
<file href="res/data/img534.png"/>
<file href="res/data/img535.png"/>
<file href="res/data/img536.png"/>
<file href="res/data/img537.png"/>
<file href="res/data/img538.png"/>
<file href="res/data/img539.png"/>
<file href="res/data/img54.png"/>
<file href="res/data/img540.png"/>
<file href="res/data/img541.png"/>
<file href="res/data/img542.png"/>
<file href="res/data/img543.png"/>
<file href="res/data/img544.png"/>
<file href="res/data/img545.png"/>
<file href="res/data/img546.png"/>
<file href="res/data/img547.png"/>
<file href="res/data/img548.png"/>
<file href="res/data/img549.png"/>
<file href="res/data/img55.png"/>
<file href="res/data/img550.png"/>
<file href="res/data/img551.png"/>
<file href="res/data/img552.png"/>
<file href="res/data/img553.png"/>
<file href="res/data/img554.png"/>
<file href="res/data/img555.png"/>
<file href="res/data/img556.png"/>
<file href="res/data/img557.png"/>
<file href="res/data/img558.jpg"/>
<file href="res/data/img559.png"/>
<file href="res/data/img56.png"/>
<file href="res/data/img560.png"/>
<file href="res/data/img561.png"/>
<file href="res/data/img562.png"/>
<file href="res/data/img563.png"/>
<file href="res/data/img564.png"/>
<file href="res/data/img565.png"/>
<file href="res/data/img566.png"/>
<file href="res/data/img567.png"/>
<file href="res/data/img568.png"/>
<file href="res/data/img569.png"/>
<file href="res/data/img57.jpg"/>
<file href="res/data/img570.png"/>
<file href="res/data/img571.png"/>
<file href="res/data/img572.png"/>
<file href="res/data/img573.png"/>
<file href="res/data/img574.png"/>
<file href="res/data/img575.png"/>
<file href="res/data/img576.png"/>
<file href="res/data/img577.png"/>
<file href="res/data/img578.png"/>
<file href="res/data/img579.png"/>
<file href="res/data/img58.jpg"/>
<file href="res/data/img580.png"/>
<file href="res/data/img581.png"/>
<file href="res/data/img582.png"/>
<file href="res/data/img583.png"/>
<file href="res/data/img584.png"/>
<file href="res/data/img585.png"/>
<file href="res/data/img586.png"/>
<file href="res/data/img587.png"/>
<file href="res/data/img588.png"/>
<file href="res/data/img589.png"/>
<file href="res/data/img59.jpg"/>
<file href="res/data/img590.png"/>
<file href="res/data/img591.png"/>
<file href="res/data/img592.jpg"/>
<file href="res/data/img593.jpg"/>
<file href="res/data/img594.png"/>
<file href="res/data/img595.png"/>
<file href="res/data/img596.png"/>
<file href="res/data/img597.png"/>
<file href="res/data/img598.png"/>
<file href="res/data/img599.png"/>
<file href="res/data/img6.png"/>
<file href="res/data/img60.jpg"/>
<file href="res/data/img600.png"/>
<file href="res/data/img601.png"/>
<file href="res/data/img602.png"/>
<file href="res/data/img603.png"/>
<file href="res/data/img604.png"/>
<file href="res/data/img605.png"/>
<file href="res/data/img606.png"/>
<file href="res/data/img607.png"/>
<file href="res/data/img608.png"/>
<file href="res/data/img609.png"/>
<file href="res/data/img61.jpg"/>
<file href="res/data/img610.png"/>
<file href="res/data/img611.png"/>
<file href="res/data/img612.png"/>
<file href="res/data/img613.png"/>
<file href="res/data/img614.png"/>
<file href="res/data/img615.png"/>
<file href="res/data/img616.png"/>
<file href="res/data/img617.png"/>
<file href="res/data/img618.png"/>
<file href="res/data/img619.png"/>
<file href="res/data/img62.jpg"/>
<file href="res/data/img620.png"/>
<file href="res/data/img621.png"/>
<file href="res/data/img622.png"/>
<file href="res/data/img623.png"/>
<file href="res/data/img624.png"/>
<file href="res/data/img625.png"/>
<file href="res/data/img626.png"/>
<file href="res/data/img627.png"/>
<file href="res/data/img628.png"/>
<file href="res/data/img629.png"/>
<file href="res/data/img63.jpg"/>
<file href="res/data/img630.png"/>
<file href="res/data/img631.png"/>
<file href="res/data/img632.png"/>
<file href="res/data/img633.png"/>
<file href="res/data/img634.png"/>
<file href="res/data/img635.png"/>
<file href="res/data/img636.png"/>
<file href="res/data/img637.png"/>
<file href="res/data/img638.png"/>
<file href="res/data/img639.png"/>
<file href="res/data/img64.jpg"/>
<file href="res/data/img640.png"/>
<file href="res/data/img641.png"/>
<file href="res/data/img642.png"/>
<file href="res/data/img643.jpg"/>
<file href="res/data/img644.jpg"/>
<file href="res/data/img645.png"/>
<file href="res/data/img646.png"/>
<file href="res/data/img647.png"/>
<file href="res/data/img648.png"/>
<file href="res/data/img649.jpg"/>
<file href="res/data/img65.jpg"/>
<file href="res/data/img650.png"/>
<file href="res/data/img651.png"/>
<file href="res/data/img652.png"/>
<file href="res/data/img653.png"/>
<file href="res/data/img654.png"/>
<file href="res/data/img655.png"/>
<file href="res/data/img656.png"/>
<file href="res/data/img657.png"/>
<file href="res/data/img658.png"/>
<file href="res/data/img659.png"/>
<file href="res/data/img66.jpg"/>
<file href="res/data/img660.png"/>
<file href="res/data/img661.png"/>
<file href="res/data/img662.png"/>
<file href="res/data/img663.png"/>
<file href="res/data/img664.png"/>
<file href="res/data/img665.png"/>
<file href="res/data/img666.png"/>
<file href="res/data/img667.png"/>
<file href="res/data/img668.png"/>
<file href="res/data/img669.png"/>
<file href="res/data/img67.jpg"/>
<file href="res/data/img670.png"/>
<file href="res/data/img671.png"/>
<file href="res/data/img672.png"/>
<file href="res/data/img673.png"/>
<file href="res/data/img674.png"/>
<file href="res/data/img675.png"/>
<file href="res/data/img676.png"/>
<file href="res/data/img677.png"/>
<file href="res/data/img678.png"/>
<file href="res/data/img679.png"/>
<file href="res/data/img68.jpg"/>
<file href="res/data/img680.png"/>
<file href="res/data/img681.png"/>
<file href="res/data/img682.jpg"/>
<file href="res/data/img683.jpg"/>
<file href="res/data/img684.png"/>
<file href="res/data/img685.png"/>
<file href="res/data/img686.jpg"/>
<file href="res/data/img687.png"/>
<file href="res/data/img688.png"/>
<file href="res/data/img689.png"/>
<file href="res/data/img69.jpg"/>
<file href="res/data/img690.png"/>
<file href="res/data/img691.png"/>
<file href="res/data/img692.png"/>
<file href="res/data/img693.png"/>
<file href="res/data/img694.png"/>
<file href="res/data/img695.png"/>
<file href="res/data/img696.png"/>
<file href="res/data/img697.png"/>
<file href="res/data/img698.png"/>
<file href="res/data/img699.png"/>
<file href="res/data/img7.png"/>
<file href="res/data/img70.jpg"/>
<file href="res/data/img700.png"/>
<file href="res/data/img701.png"/>
<file href="res/data/img702.png"/>
<file href="res/data/img703.png"/>
<file href="res/data/img704.png"/>
<file href="res/data/img705.png"/>
<file href="res/data/img706.png"/>
<file href="res/data/img707.png"/>
<file href="res/data/img708.png"/>
<file href="res/data/img709.png"/>
<file href="res/data/img71.jpg"/>
<file href="res/data/img710.png"/>
<file href="res/data/img711.png"/>
<file href="res/data/img712.png"/>
<file href="res/data/img713.png"/>
<file href="res/data/img714.png"/>
<file href="res/data/img715.png"/>
<file href="res/data/img716.png"/>
<file href="res/data/img717.png"/>
<file href="res/data/img718.png"/>
<file href="res/data/img719.png"/>
<file href="res/data/img72.png"/>
<file href="res/data/img720.png"/>
<file href="res/data/img721.png"/>
<file href="res/data/img722.png"/>
<file href="res/data/img723.png"/>
<file href="res/data/img724.png"/>
<file href="res/data/img725.png"/>
<file href="res/data/img726.png"/>
<file href="res/data/img727.png"/>
<file href="res/data/img728.png"/>
<file href="res/data/img729.png"/>
<file href="res/data/img73.png"/>
<file href="res/data/img730.png"/>
<file href="res/data/img731.png"/>
<file href="res/data/img732.png"/>
<file href="res/data/img733.png"/>
<file href="res/data/img734.png"/>
<file href="res/data/img735.png"/>
<file href="res/data/img736.png"/>
<file href="res/data/img737.png"/>
<file href="res/data/img738.png"/>
<file href="res/data/img739.png"/>
<file href="res/data/img74.png"/>
<file href="res/data/img740.png"/>
<file href="res/data/img741.png"/>
<file href="res/data/img742.png"/>
<file href="res/data/img743.png"/>
<file href="res/data/img744.png"/>
<file href="res/data/img745.png"/>
<file href="res/data/img746.png"/>
<file href="res/data/img747.png"/>
<file href="res/data/img748.png"/>
<file href="res/data/img749.png"/>
<file href="res/data/img75.png"/>
<file href="res/data/img750.png"/>
<file href="res/data/img751.png"/>
<file href="res/data/img752.png"/>
<file href="res/data/img753.png"/>
<file href="res/data/img754.png"/>
<file href="res/data/img755.jpg"/>
<file href="res/data/img756.png"/>
<file href="res/data/img757.png"/>
<file href="res/data/img758.png"/>
<file href="res/data/img759.png"/>
<file href="res/data/img76.png"/>
<file href="res/data/img760.png"/>
<file href="res/data/img761.png"/>
<file href="res/data/img762.png"/>
<file href="res/data/img763.png"/>
<file href="res/data/img764.png"/>
<file href="res/data/img765.png"/>
<file href="res/data/img766.png"/>
<file href="res/data/img767.jpg"/>
<file href="res/data/img768.png"/>
<file href="res/data/img769.jpg"/>
<file href="res/data/img77.png"/>
<file href="res/data/img770.png"/>
<file href="res/data/img771.png"/>
<file href="res/data/img772.png"/>
<file href="res/data/img773.jpg"/>
<file href="res/data/img774.png"/>
<file href="res/data/img775.png"/>
<file href="res/data/img776.png"/>
<file href="res/data/img777.png"/>
<file href="res/data/img778.png"/>
<file href="res/data/img779.png"/>
<file href="res/data/img78.png"/>
<file href="res/data/img780.png"/>
<file href="res/data/img781.png"/>
<file href="res/data/img782.png"/>
<file href="res/data/img783.png"/>
<file href="res/data/img784.png"/>
<file href="res/data/img785.png"/>
<file href="res/data/img786.png"/>
<file href="res/data/img787.png"/>
<file href="res/data/img788.png"/>
<file href="res/data/img789.png"/>
<file href="res/data/img79.png"/>
<file href="res/data/img790.png"/>
<file href="res/data/img791.png"/>
<file href="res/data/img792.png"/>
<file href="res/data/img793.png"/>
<file href="res/data/img794.png"/>
<file href="res/data/img795.png"/>
<file href="res/data/img796.png"/>
<file href="res/data/img797.png"/>
<file href="res/data/img798.png"/>
<file href="res/data/img799.png"/>
<file href="res/data/img8.png"/>
<file href="res/data/img80.png"/>
<file href="res/data/img800.png"/>
<file href="res/data/img801.png"/>
<file href="res/data/img802.png"/>
<file href="res/data/img803.png"/>
<file href="res/data/img804.png"/>
<file href="res/data/img805.png"/>
<file href="res/data/img806.png"/>
<file href="res/data/img807.png"/>
<file href="res/data/img808.png"/>
<file href="res/data/img809.jpg"/>
<file href="res/data/img81.png"/>
<file href="res/data/img810.png"/>
<file href="res/data/img811.png"/>
<file href="res/data/img812.png"/>
<file href="res/data/img813.png"/>
<file href="res/data/img814.png"/>
<file href="res/data/img815.png"/>
<file href="res/data/img816.png"/>
<file href="res/data/img817.png"/>
<file href="res/data/img818.png"/>
<file href="res/data/img819.png"/>
<file href="res/data/img82.png"/>
<file href="res/data/img820.jpg"/>
<file href="res/data/img821.png"/>
<file href="res/data/img822.png"/>
<file href="res/data/img823.png"/>
<file href="res/data/img824.png"/>
<file href="res/data/img825.png"/>
<file href="res/data/img826.png"/>
<file href="res/data/img827.png"/>
<file href="res/data/img828.png"/>
<file href="res/data/img829.png"/>
<file href="res/data/img83.png"/>
<file href="res/data/img830.png"/>
<file href="res/data/img831.png"/>
<file href="res/data/img832.png"/>
<file href="res/data/img833.png"/>
<file href="res/data/img834.jpg"/>
<file href="res/data/img835.png"/>
<file href="res/data/img836.png"/>
<file href="res/data/img837.png"/>
<file href="res/data/img838.png"/>
<file href="res/data/img839.png"/>
<file href="res/data/img84.png"/>
<file href="res/data/img840.png"/>
<file href="res/data/img841.png"/>
<file href="res/data/img842.png"/>
<file href="res/data/img843.png"/>
<file href="res/data/img844.png"/>
<file href="res/data/img845.png"/>
<file href="res/data/img846.png"/>
<file href="res/data/img847.png"/>
<file href="res/data/img848.png"/>
<file href="res/data/img849.png"/>
<file href="res/data/img85.png"/>
<file href="res/data/img850.png"/>
<file href="res/data/img851.png"/>
<file href="res/data/img852.png"/>
<file href="res/data/img853.png"/>
<file href="res/data/img854.png"/>
<file href="res/data/img855.png"/>
<file href="res/data/img856.png"/>
<file href="res/data/img857.png"/>
<file href="res/data/img858.png"/>
<file href="res/data/img859.png"/>
<file href="res/data/img86.png"/>
<file href="res/data/img860.png"/>
<file href="res/data/img861.png"/>
<file href="res/data/img862.png"/>
<file href="res/data/img863.png"/>
<file href="res/data/img864.png"/>
<file href="res/data/img865.png"/>
<file href="res/data/img866.png"/>
<file href="res/data/img867.png"/>
<file href="res/data/img868.png"/>
<file href="res/data/img869.png"/>
<file href="res/data/img87.png"/>
<file href="res/data/img870.png"/>
<file href="res/data/img871.png"/>
<file href="res/data/img872.png"/>
<file href="res/data/img873.png"/>
<file href="res/data/img874.png"/>
<file href="res/data/img875.png"/>
<file href="res/data/img876.png"/>
<file href="res/data/img877.png"/>
<file href="res/data/img878.png"/>
<file href="res/data/img879.png"/>
<file href="res/data/img88.png"/>
<file href="res/data/img880.png"/>
<file href="res/data/img881.png"/>
<file href="res/data/img882.png"/>
<file href="res/data/img883.png"/>
<file href="res/data/img884.png"/>
<file href="res/data/img885.png"/>
<file href="res/data/img886.png"/>
<file href="res/data/img887.png"/>
<file href="res/data/img888.png"/>
<file href="res/data/img889.png"/>
<file href="res/data/img89.png"/>
<file href="res/data/img890.png"/>
<file href="res/data/img891.png"/>
<file href="res/data/img892.png"/>
<file href="res/data/img893.png"/>
<file href="res/data/img894.png"/>
<file href="res/data/img895.png"/>
<file href="res/data/img896.png"/>
<file href="res/data/img897.png"/>
<file href="res/data/img898.png"/>
<file href="res/data/img899.png"/>
<file href="res/data/img9.png"/>
<file href="res/data/img90.png"/>
<file href="res/data/img900.png"/>
<file href="res/data/img901.png"/>
<file href="res/data/img902.png"/>
<file href="res/data/img903.png"/>
<file href="res/data/img904.png"/>
<file href="res/data/img905.png"/>
<file href="res/data/img906.png"/>
<file href="res/data/img907.png"/>
<file href="res/data/img908.png"/>
<file href="res/data/img909.png"/>
<file href="res/data/img91.png"/>
<file href="res/data/img910.png"/>
<file href="res/data/img911.png"/>
<file href="res/data/img912.png"/>
<file href="res/data/img913.png"/>
<file href="res/data/img914.png"/>
<file href="res/data/img915.png"/>
<file href="res/data/img916.png"/>
<file href="res/data/img917.png"/>
<file href="res/data/img918.png"/>
<file href="res/data/img919.png"/>
<file href="res/data/img92.png"/>
<file href="res/data/img920.png"/>
<file href="res/data/img921.png"/>
<file href="res/data/img922.png"/>
<file href="res/data/img923.png"/>
<file href="res/data/img924.png"/>
<file href="res/data/img925.png"/>
<file href="res/data/img926.png"/>
<file href="res/data/img927.png"/>
<file href="res/data/img928.png"/>
<file href="res/data/img929.png"/>
<file href="res/data/img93.png"/>
<file href="res/data/img930.png"/>
<file href="res/data/img931.png"/>
<file href="res/data/img932.png"/>
<file href="res/data/img933.png"/>
<file href="res/data/img934.png"/>
<file href="res/data/img935.png"/>
<file href="res/data/img936.png"/>
<file href="res/data/img937.png"/>
<file href="res/data/img938.png"/>
<file href="res/data/img939.png"/>
<file href="res/data/img94.png"/>
<file href="res/data/img940.png"/>
<file href="res/data/img941.png"/>
<file href="res/data/img942.png"/>
<file href="res/data/img943.png"/>
<file href="res/data/img944.png"/>
<file href="res/data/img945.png"/>
<file href="res/data/img946.png"/>
<file href="res/data/img947.png"/>
<file href="res/data/img948.png"/>
<file href="res/data/img949.png"/>
<file href="res/data/img95.png"/>
<file href="res/data/img950.png"/>
<file href="res/data/img951.png"/>
<file href="res/data/img952.png"/>
<file href="res/data/img953.png"/>
<file href="res/data/img954.png"/>
<file href="res/data/img955.png"/>
<file href="res/data/img956.png"/>
<file href="res/data/img957.png"/>
<file href="res/data/img958.png"/>
<file href="res/data/img959.png"/>
<file href="res/data/img96.png"/>
<file href="res/data/img960.png"/>
<file href="res/data/img961.png"/>
<file href="res/data/img962.png"/>
<file href="res/data/img963.png"/>
<file href="res/data/img964.png"/>
<file href="res/data/img965.png"/>
<file href="res/data/img966.png"/>
<file href="res/data/img967.png"/>
<file href="res/data/img968.png"/>
<file href="res/data/img969.png"/>
<file href="res/data/img97.png"/>
<file href="res/data/img970.png"/>
<file href="res/data/img971.png"/>
<file href="res/data/img972.png"/>
<file href="res/data/img973.png"/>
<file href="res/data/img974.png"/>
<file href="res/data/img975.png"/>
<file href="res/data/img976.png"/>
<file href="res/data/img977.png"/>
<file href="res/data/img978.png"/>
<file href="res/data/img979.png"/>
<file href="res/data/img98.png"/>
<file href="res/data/img980.png"/>
<file href="res/data/img981.png"/>
<file href="res/data/img982.png"/>
<file href="res/data/img983.png"/>
<file href="res/data/img984.png"/>
<file href="res/data/img985.png"/>
<file href="res/data/img986.png"/>
<file href="res/data/img987.png"/>
<file href="res/data/img988.png"/>
<file href="res/data/img989.png"/>
<file href="res/data/img99.png"/>
<file href="res/data/img990.png"/>
<file href="res/data/img991.png"/>
<file href="res/data/img992.png"/>
</resource>
</resources>
</manifest>
